DRG,Number,Name
001 - HEART TRANSPLANT OR IMPLANT OF HEART ASSIST SYSTEM W MCC,1,Heart
002 - HEART TRANSPLANT OR IMPLANT OF HEART ASSIST SYSTEM W/O MCC,2,Heart
"003 - ECMO OR TRACH W MV >96 HRS OR PDX EXC FACE, MOUTH & NECK W MAJ O.R.",3,Heart
"003 - ECMO OR TRACH W MV 96+ HRS OR PDX EXC FACE, MOUTH & NECK W MAJ O.R.",3,Heart
"004 - TRACH W MV >96 HRS OR PDX EXC FACE, MOUTH & NECK W/O MAJ O.R.",4,Heart
"004 - TRACH W MV 96+ HRS OR PDX EXC FACE, MOUTH & NECK W/O MAJ O.R.",4,Heart
005 - LIVER TRANSPLANT W MCC OR INTESTINAL TRANSPLANT,5,Transplant
006 - LIVER TRANSPLANT W/O MCC,6,Transplant
007 - LUNG TRANSPLANT,7,Transplant
008 - SIMULTANEOUS PANCREAS/KIDNEY TRANSPLANT,8,Transplant
"011 - TRACHEOSTOMY FOR FACE,MOUTH & NECK DIAGNOSES W MCC",11,Transplant
"012 - TRACHEOSTOMY FOR FACE,MOUTH & NECK DIAGNOSES W CC",12,Transplant
"013 - TRACHEOSTOMY FOR FACE,MOUTH & NECK DIAGNOSES W/O CC/MCC",13,Transplant
014 - ALLOGENEIC BONE MARROW TRANSPLANT,14,Transplant
016 - AUTOLOGOUS BONE MARROW TRANSPLANT W CC/MCC,16,Transplant
017 - AUTOLOGOUS BONE MARROW TRANSPLANT W/O CC/MCC,17,Transplant
020 - INTRACRANIAL VASCULAR PROCEDURES W PDX HEMORRHAGE W MCC,20,Nervous System
023 - CRANIO W MAJOR DEV IMPL/ACUTE COMPLEX CNS PDX W MCC OR CHEMO IMPLANT,23,Nervous System
024 - CRANIO W MAJOR DEV IMPL/ACUTE COMPLEX CNS PDX W/O MCC,24,Nervous System
025 - CRANIOTOMY & ENDOVASCULAR INTRACRANIAL PROCEDURES W MCC,25,Nervous System
026 - CRANIOTOMY & ENDOVASCULAR INTRACRANIAL PROCEDURES W CC,26,Nervous System
027 - CRANIOTOMY & ENDOVASCULAR INTRACRANIAL PROCEDURES W/O CC/MCC,27,Nervous System
028 - SPINAL PROCEDURES W MCC,28,Nervous System
029 - SPINAL PROCEDURES W CC OR SPINAL NEUROSTIMULATORS,29,Nervous System
030 - SPINAL PROCEDURES W/O CC/MCC,30,Nervous System
031 - VENTRICULAR SHUNT PROCEDURES W MCC,31,Nervous System
032 - VENTRICULAR SHUNT PROCEDURES W CC,32,Nervous System
033 - VENTRICULAR SHUNT PROCEDURES W/O CC/MCC,33,Nervous System
034 - CAROTID ARTERY STENT PROCEDURE W MCC,34,Nervous System
035 - CAROTID ARTERY STENT PROCEDURE W CC,35,Nervous System
036 - CAROTID ARTERY STENT PROCEDURE W/O CC/MCC,36,Nervous System
037 - EXTRACRANIAL PROCEDURES W MCC,37,Nervous System
038 - EXTRACRANIAL PROCEDURES W CC,38,Nervous System
039 - EXTRACRANIAL PROCEDURES W/O CC/MCC,39,Nervous System
040 - PERIPH/CRANIAL NERVE & OTHER NERV SYST PROC W MCC,40,Nervous System
041 - PERIPH/CRANIAL NERVE & OTHER NERV SYST PROC W CC OR PERIPH NEUROSTIM,41,Nervous System
042 - PERIPH/CRANIAL NERVE & OTHER NERV SYST PROC W/O CC/MCC,42,Nervous System
052 - SPINAL DISORDERS & INJURIES W CC/MCC,52,Nervous System
054 - NERVOUS SYSTEM NEOPLASMS W MCC,54,Nervous System
055 - NERVOUS SYSTEM NEOPLASMS W/O MCC,55,Nervous System
056 - DEGENERATIVE NERVOUS SYSTEM DISORDERS W MCC,56,Nervous System
057 - DEGENERATIVE NERVOUS SYSTEM DISORDERS W/O MCC,57,Nervous System
058 - MULTIPLE SCLEROSIS & CEREBELLAR ATAXIA W MCC,58,Nervous System
059 - MULTIPLE SCLEROSIS & CEREBELLAR ATAXIA W CC,59,Nervous System
060 - MULTIPLE SCLEROSIS & CEREBELLAR ATAXIA W/O CC/MCC,60,Nervous System
061 - ACUTE ISCHEMIC STROKE W USE OF THROMBOLYTIC AGENT W MCC,61,Nervous System
062 - ACUTE ISCHEMIC STROKE W USE OF THROMBOLYTIC AGENT W CC,62,Nervous System
063 - ACUTE ISCHEMIC STROKE W USE OF THROMBOLYTIC AGENT W/O CC/MCC,63,Nervous System
064 - INTRACRANIAL HEMORRHAGE OR CEREBRAL INFARCTION W MCC,64,Nervous System
065 - INTRACRANIAL HEMORRHAGE OR CEREBRAL INFARCTION W CC,65,Nervous System
065 - INTRACRANIAL HEMORRHAGE OR CEREBRAL INFARCTION W CC OR TPA IN 24 HRS,65,Nervous System
066 - INTRACRANIAL HEMORRHAGE OR CEREBRAL INFARCTION W/O CC/MCC,66,Nervous System
068 - NONSPECIFIC CVA & PRECEREBRAL OCCLUSION W/O INFARCT W/O MCC,68,Nervous System
069 - TRANSIENT ISCHEMIA,69,Nervous System
070 - NONSPECIFIC CEREBROVASCULAR DISORDERS W MCC,70,Nervous System
071 - NONSPECIFIC CEREBROVASCULAR DISORDERS W CC,71,Nervous System
072 - NONSPECIFIC CEREBROVASCULAR DISORDERS W/O CC/MCC,72,Nervous System
073 - CRANIAL & PERIPHERAL NERVE DISORDERS W MCC,73,Nervous System
074 - CRANIAL & PERIPHERAL NERVE DISORDERS W/O MCC,74,Nervous System
077 - HYPERTENSIVE ENCEPHALOPATHY W MCC,77,Nervous System
078 - HYPERTENSIVE ENCEPHALOPATHY W CC,78,Nervous System
081 - NONTRAUMATIC STUPOR & COMA W/O MCC,81,Nervous System
"082 - TRAUMATIC STUPOR & COMA, COMA >1 HR W MCC",82,Nervous System
"083 - TRAUMATIC STUPOR & COMA, COMA >1 HR W CC",83,Nervous System
"084 - TRAUMATIC STUPOR & COMA, COMA >1 HR W/O CC/MCC",84,Nervous System
"085 - TRAUMATIC STUPOR & COMA, COMA <1 HR W MCC",85,Nervous System
"086 - TRAUMATIC STUPOR & COMA, COMA <1 HR W CC",86,Nervous System
"087 - TRAUMATIC STUPOR & COMA, COMA <1 HR W/O CC/MCC",87,Nervous System
088 - CONCUSSION W MCC,88,Nervous System
089 - CONCUSSION W CC,89,Nervous System
090 - CONCUSSION W/O CC/MCC,90,Nervous System
091 - OTHER DISORDERS OF NERVOUS SYSTEM W MCC,91,Nervous System
092 - OTHER DISORDERS OF NERVOUS SYSTEM W CC,92,Nervous System
093 - OTHER DISORDERS OF NERVOUS SYSTEM W/O CC/MCC,93,Nervous System
094 - BACTERIAL & TUBERCULOUS INFECTIONS OF NERVOUS SYSTEM W MCC,94,Nervous System
097 - NON-BACTERIAL INFECT OF NERVOUS SYS EXC VIRAL MENINGITIS W MCC,97,Nervous System
098 - NON-BACTERIAL INFECT OF NERVOUS SYS EXC VIRAL MENINGITIS W CC,98,Nervous System
100 - SEIZURES W MCC,100,Nervous System
101 - SEIZURES W/O MCC,101,Nervous System
102 - HEADACHES W MCC,102,Nervous System
103 - HEADACHES W/O MCC,103,Nervous System
113 - ORBITAL PROCEDURES W CC/MCC,113,Eye
114 - ORBITAL PROCEDURES W/O CC/MCC,114,Eye
115 - EXTRAOCULAR PROCEDURES EXCEPT ORBIT,115,Eye
116 - INTRAOCULAR PROCEDURES W CC/MCC,116,Eye
117 - INTRAOCULAR PROCEDURES W/O CC/MCC,117,Eye
123 - NEUROLOGICAL EYE DISORDERS,123,Eye
125 - OTHER DISORDERS OF THE EYE W/O MCC,125,Eye
129 - MAJOR HEAD & NECK PROCEDURES W CC/MCC OR MAJOR DEVICE,129,"Ear, Nose, Mouth & Throat"
130 - MAJOR HEAD & NECK PROCEDURES W/O CC/MCC,130,"Ear, Nose, Mouth & Throat"
131 - CRANIAL/FACIAL PROCEDURES W CC/MCC,131,"Ear, Nose, Mouth & Throat"
132 - CRANIAL/FACIAL PROCEDURES W/O CC/MCC,132,"Ear, Nose, Mouth & Throat"
"133 - OTHER EAR, NOSE, MOUTH & THROAT O.R. PROCEDURES W CC/MCC",133,"Ear, Nose, Mouth & Throat"
"134 - OTHER EAR, NOSE, MOUTH & THROAT O.R. PROCEDURES W/O CC/MCC",134,"Ear, Nose, Mouth & Throat"
138 - MOUTH PROCEDURES W/O CC/MCC,138,"Ear, Nose, Mouth & Throat"
139 - SALIVARY GLAND PROCEDURES,139,"Ear, Nose, Mouth & Throat"
"146 - EAR, NOSE, MOUTH & THROAT MALIGNANCY W MCC",146,"Ear, Nose, Mouth & Throat"
"147 - EAR, NOSE, MOUTH & THROAT MALIGNANCY W CC",147,"Ear, Nose, Mouth & Throat"
149 - DYSEQUILIBRIUM,149,"Ear, Nose, Mouth & Throat"
150 - EPISTAXIS W MCC,150,"Ear, Nose, Mouth & Throat"
151 - EPISTAXIS W/O MCC,151,"Ear, Nose, Mouth & Throat"
152 - OTITIS MEDIA & URI W MCC,152,"Ear, Nose, Mouth & Throat"
153 - OTITIS MEDIA & URI W/O MCC,153,"Ear, Nose, Mouth & Throat"
"154 - OTHER EAR, NOSE, MOUTH & THROAT DIAGNOSES W MCC",154,"Ear, Nose, Mouth & Throat"
"155 - OTHER EAR, NOSE, MOUTH & THROAT DIAGNOSES W CC",155,"Ear, Nose, Mouth & Throat"
"156 - OTHER EAR, NOSE, MOUTH & THROAT DIAGNOSES W/O CC/MCC",156,"Ear, Nose, Mouth & Throat"
157 - DENTAL & ORAL DISEASES W MCC,157,"Ear, Nose, Mouth & Throat"
158 - DENTAL & ORAL DISEASES W CC,158,"Ear, Nose, Mouth & Throat"
163 - MAJOR CHEST PROCEDURES W MCC,163,Respirtory System
164 - MAJOR CHEST PROCEDURES W CC,164,Respirtory System
165 - MAJOR CHEST PROCEDURES W/O CC/MCC,165,Respirtory System
166 - OTHER RESP SYSTEM O.R. PROCEDURES W MCC,166,Respirtory System
167 - OTHER RESP SYSTEM O.R. PROCEDURES W CC,167,Respirtory System
168 - OTHER RESP SYSTEM O.R. PROCEDURES W/O CC/MCC,168,Respirtory System
175 - PULMONARY EMBOLISM W MCC,175,Respirtory System
176 - PULMONARY EMBOLISM W/O MCC,176,Respirtory System
177 - RESPIRATORY INFECTIONS & INFLAMMATIONS W MCC,177,Respirtory System
178 - RESPIRATORY INFECTIONS & INFLAMMATIONS W CC,178,Respirtory System
179 - RESPIRATORY INFECTIONS & INFLAMMATIONS W/O CC/MCC,179,Respirtory System
180 - RESPIRATORY NEOPLASMS W MCC,180,Respirtory System
181 - RESPIRATORY NEOPLASMS W CC,181,Respirtory System
183 - MAJOR CHEST TRAUMA W MCC,183,Respirtory System
184 - MAJOR CHEST TRAUMA W CC,184,Respirtory System
185 - MAJOR CHEST TRAUMA W/O CC/MCC,185,Respirtory System
186 - PLEURAL EFFUSION W MCC,186,Respirtory System
187 - PLEURAL EFFUSION W CC,187,Respirtory System
188 - PLEURAL EFFUSION W/O CC/MCC,188,Respirtory System
189 - PULMONARY EDEMA & RESPIRATORY FAILURE,189,Respirtory System
190 - CHRONIC OBSTRUCTIVE PULMONARY DISEASE W MCC,190,Respirtory System
191 - CHRONIC OBSTRUCTIVE PULMONARY DISEASE W CC,191,Respirtory System
192 - CHRONIC OBSTRUCTIVE PULMONARY DISEASE W/O CC/MCC,192,Respirtory System
193 - SIMPLE PNEUMONIA & PLEURISY W MCC,193,Respirtory System
194 - SIMPLE PNEUMONIA & PLEURISY W CC,194,Respirtory System
195 - SIMPLE PNEUMONIA & PLEURISY W/O CC/MCC,195,Respirtory System
196 - INTERSTITIAL LUNG DISEASE W MCC,196,Respirtory System
197 - INTERSTITIAL LUNG DISEASE W CC,197,Respirtory System
198 - INTERSTITIAL LUNG DISEASE W/O CC/MCC,198,Respirtory System
199 - PNEUMOTHORAX W MCC,199,Respirtory System
200 - PNEUMOTHORAX W CC,200,Respirtory System
201 - PNEUMOTHORAX W/O CC/MCC,201,Respirtory System
202 - BRONCHITIS & ASTHMA W CC/MCC,202,Respirtory System
203 - BRONCHITIS & ASTHMA W/O CC/MCC,203,Respirtory System
204 - RESPIRATORY SIGNS & SYMPTOMS,204,Respirtory System
205 - OTHER RESPIRATORY SYSTEM DIAGNOSES W MCC,205,Respirtory System
206 - OTHER RESPIRATORY SYSTEM DIAGNOSES W/O MCC,206,Respirtory System
207 - RESPIRATORY SYSTEM DIAGNOSIS W VENTILATOR SUPPORT >96 HOURS,207,Respirtory System
207 - RESPIRATORY SYSTEM DIAGNOSIS W VENTILATOR SUPPORT 96+ HOURS,207,Respirtory System
208 - RESPIRATORY SYSTEM DIAGNOSIS W VENTILATOR SUPPORT <=96 HOURS,208,Respirtory System
208 - RESPIRATORY SYSTEM DIAGNOSIS W VENTILATOR SUPPORT <96 HOURS,208,Respirtory System
215 - OTHER HEART ASSIST SYSTEM IMPLANT,215,Circulatory System
216 - CARDIAC VALVE & OTH MAJ CARDIOTHORACIC PROC W CARD CATH W MCC,216,Circulatory System
217 - CARDIAC VALVE & OTH MAJ CARDIOTHORACIC PROC W CARD CATH W CC,217,Circulatory System
218 - CARDIAC VALVE & OTH MAJ CARDIOTHORACIC PROC W CARD CATH W/O CC/MCC,218,Circulatory System
219 - CARDIAC VALVE & OTH MAJ CARDIOTHORACIC PROC W/O CARD CATH W MCC,219,Circulatory System
220 - CARDIAC VALVE & OTH MAJ CARDIOTHORACIC PROC W/O CARD CATH W CC,220,Circulatory System
221 - CARDIAC VALVE & OTH MAJ CARDIOTHORACIC PROC W/O CARD CATH W/O CC/MCC,221,Circulatory System
222 - CARDIAC DEFIB IMPLANT W CARDIAC CATH W AMI/HF/SHOCK W MCC,222,Circulatory System
223 - CARDIAC DEFIB IMPLANT W CARDIAC CATH W AMI/HF/SHOCK W/O MCC,223,Circulatory System
224 - CARDIAC DEFIB IMPLANT W CARDIAC CATH W/O AMI/HF/SHOCK W MCC,224,Circulatory System
225 - CARDIAC DEFIB IMPLANT W CARDIAC CATH W/O AMI/HF/SHOCK W/O MCC,225,Circulatory System
226 - CARDIAC DEFIBRILLATOR IMPLANT W/O CARDIAC CATH W MCC,226,Circulatory System
227 - CARDIAC DEFIBRILLATOR IMPLANT W/O CARDIAC CATH W/O MCC,227,Circulatory System
228 - OTHER CARDIOTHORACIC PROCEDURES W MCC,228,Circulatory System
229 - OTHER CARDIOTHORACIC PROCEDURES W CC,229,Circulatory System
229 - OTHER CARDIOTHORACIC PROCEDURES W/O MCC,229,Circulatory System
230 - OTHER CARDIOTHORACIC PROCEDURES W/O CC/MCC,230,Circulatory System
230 - UNKNOWN,230,Circulatory System
232 - CORONARY BYPASS W PTCA W/O MCC,232,Circulatory System
233 - CORONARY BYPASS W CARDIAC CATH W MCC,233,Circulatory System
234 - CORONARY BYPASS W CARDIAC CATH W/O MCC,234,Circulatory System
235 - CORONARY BYPASS W/O CARDIAC CATH W MCC,235,Circulatory System
236 - CORONARY BYPASS W/O CARDIAC CATH W/O MCC,236,Circulatory System
237 - MAJOR CARDIOVASC PROCEDURES W MCC,237,Circulatory System
238 - MAJOR CARDIOVASC PROCEDURES W/O MCC,238,Circulatory System
239 - AMPUTATION FOR CIRC SYS DISORDERS EXC UPPER LIMB & TOE W MCC,239,Circulatory System
240 - AMPUTATION FOR CIRC SYS DISORDERS EXC UPPER LIMB & TOE W CC,240,Circulatory System
241 - AMPUTATION FOR CIRC SYS DISORDERS EXC UPPER LIMB & TOE W/O CC/MCC,241,Circulatory System
242 - PERMANENT CARDIAC PACEMAKER IMPLANT W MCC,242,Circulatory System
243 - PERMANENT CARDIAC PACEMAKER IMPLANT W CC,243,Circulatory System
244 - PERMANENT CARDIAC PACEMAKER IMPLANT W/O CC/MCC,244,Circulatory System
245 - AICD GENERATOR PROCEDURES,245,Circulatory System
246 - PERC CARDIOVASC PROC W DRUG-ELUTING STENT W MCC OR 4+ VESSELS/STENTS,246,Circulatory System
247 - PERC CARDIOVASC PROC W DRUG-ELUTING STENT W/O MCC,247,Circulatory System
248 - PERC CARDIOVASC PROC W NON-DRUG-ELUTING STENT W MCC OR 4+ VES/STENTS,248,Circulatory System
249 - PERC CARDIOVASC PROC W NON-DRUG-ELUTING STENT W/O MCC,249,Circulatory System
250 - PERC CARDIOVASC PROC W/O CORONARY ARTERY STENT W MCC,250,Circulatory System
251 - PERC CARDIOVASC PROC W/O CORONARY ARTERY STENT W/O MCC,251,Circulatory System
252 - OTHER VASCULAR PROCEDURES W MCC,252,Circulatory System
253 - OTHER VASCULAR PROCEDURES W CC,253,Circulatory System
254 - OTHER VASCULAR PROCEDURES W/O CC/MCC,254,Circulatory System
255 - UPPER LIMB & TOE AMPUTATION FOR CIRC SYSTEM DISORDERS W MCC,255,Circulatory System
256 - UPPER LIMB & TOE AMPUTATION FOR CIRC SYSTEM DISORDERS W CC,256,Circulatory System
259 - CARDIAC PACEMAKER DEVICE REPLACEMENT W/O MCC,259,Circulatory System
260 - CARDIAC PACEMAKER REVISION EXCEPT DEVICE REPLACEMENT W MCC,260,Circulatory System
261 - CARDIAC PACEMAKER REVISION EXCEPT DEVICE REPLACEMENT W CC,261,Circulatory System
262 - CARDIAC PACEMAKER REVISION EXCEPT DEVICE REPLACEMENT W/O CC/MCC,262,Circulatory System
264 - OTHER CIRCULATORY SYSTEM O.R. PROCEDURES,264,Circulatory System
265 - AICD LEAD PROCEDURES,265,Circulatory System
266 - ENDOVASCULAR CARDIAC VALVE REPLACEMENT W MCC,266,Circulatory System
267 - ENDOVASCULAR CARDIAC VALVE REPLACEMENT W/O MCC,267,Circulatory System
268 - AORTIC AND HEART ASSIST PROCEDURES EXCEPT PULSATION BALLOON W MCC,268,Circulatory System
269 - AORTIC AND HEART ASSIST PROCEDURES EXCEPT PULSATION BALLOON W/O MCC,269,Circulatory System
270 - OTHER MAJOR CARDIOVASCULAR PROCEDURES W MCC,270,Circulatory System
271 - OTHER MAJOR CARDIOVASCULAR PROCEDURES W CC,271,Circulatory System
272 - OTHER MAJOR CARDIOVASCULAR PROCEDURES W/O CC/MCC,272,Circulatory System
273 - PERCUTANEOUS INTRACARDIAC PROCEDURES W MCC,273,Circulatory System
274 - PERCUTANEOUS INTRACARDIAC PROCEDURES W/O MCC,274,Circulatory System
"280 - ACUTE MYOCARDIAL INFARCTION, DISCHARGED ALIVE W MCC",280,Circulatory System
"281 - ACUTE MYOCARDIAL INFARCTION, DISCHARGED ALIVE W CC",281,Circulatory System
"282 - ACUTE MYOCARDIAL INFARCTION, DISCHARGED ALIVE W/O CC/MCC",282,Circulatory System
"283 - ACUTE MYOCARDIAL INFARCTION, EXPIRED W MCC",283,Circulatory System
"286 - CIRCULATORY DISORDERS EXCEPT AMI, W CARD CATH W MCC",286,Circulatory System
"287 - CIRCULATORY DISORDERS EXCEPT AMI, W CARD CATH W/O MCC",287,Circulatory System
288 - ACUTE & SUBACUTE ENDOCARDITIS W MCC,288,Circulatory System
291 - HEART FAILURE & SHOCK W MCC,291,Circulatory System
292 - HEART FAILURE & SHOCK W CC,292,Circulatory System
293 - HEART FAILURE & SHOCK W/O CC/MCC,293,Circulatory System
294 - DEEP VEIN THROMBOPHLEBITIS W CC/MCC,294,Circulatory System
"296 - CARDIAC ARREST, UNEXPLAINED W MCC",296,Circulatory System
299 - PERIPHERAL VASCULAR DISORDERS W MCC,299,Circulatory System
300 - PERIPHERAL VASCULAR DISORDERS W CC,300,Circulatory System
301 - PERIPHERAL VASCULAR DISORDERS W/O CC/MCC,301,Circulatory System
302 - ATHEROSCLEROSIS W MCC,302,Circulatory System
303 - ATHEROSCLEROSIS W/O MCC,303,Circulatory System
304 - HYPERTENSION W MCC,304,Circulatory System
305 - HYPERTENSION W/O MCC,305,Circulatory System
306 - CARDIAC CONGENITAL & VALVULAR DISORDERS W MCC,306,Circulatory System
307 - CARDIAC CONGENITAL & VALVULAR DISORDERS W/O MCC,307,Circulatory System
308 - CARDIAC ARRHYTHMIA & CONDUCTION DISORDERS W MCC,308,Circulatory System
309 - CARDIAC ARRHYTHMIA & CONDUCTION DISORDERS W CC,309,Circulatory System
310 - CARDIAC ARRHYTHMIA & CONDUCTION DISORDERS W/O CC/MCC,310,Circulatory System
311 - ANGINA PECTORIS,311,Circulatory System
312 - SYNCOPE & COLLAPSE,312,Circulatory System
313 - CHEST PAIN,313,Circulatory System
314 - OTHER CIRCULATORY SYSTEM DIAGNOSES W MCC,314,Circulatory System
315 - OTHER CIRCULATORY SYSTEM DIAGNOSES W CC,315,Circulatory System
316 - OTHER CIRCULATORY SYSTEM DIAGNOSES W/O CC/MCC,316,Circulatory System
"326 - STOMACH, ESOPHAGEAL & DUODENAL PROC W MCC",326,Digestive System
"327 - STOMACH, ESOPHAGEAL & DUODENAL PROC W CC",327,Digestive System
"328 - STOMACH, ESOPHAGEAL & DUODENAL PROC W/O CC/MCC",328,Digestive System
329 - MAJOR SMALL & LARGE BOWEL PROCEDURES W MCC,329,Digestive System
330 - MAJOR SMALL & LARGE BOWEL PROCEDURES W CC,330,Digestive System
331 - MAJOR SMALL & LARGE BOWEL PROCEDURES W/O CC/MCC,331,Digestive System
332 - RECTAL RESECTION W MCC,332,Digestive System
333 - RECTAL RESECTION W CC,333,Digestive System
334 - RECTAL RESECTION W/O CC/MCC,334,Digestive System
335 - PERITONEAL ADHESIOLYSIS W MCC,335,Digestive System
336 - PERITONEAL ADHESIOLYSIS W CC,336,Digestive System
337 - PERITONEAL ADHESIOLYSIS W/O CC/MCC,337,Digestive System
339 - APPENDECTOMY W COMPLICATED PRINCIPAL DIAG W CC,339,Digestive System
340 - APPENDECTOMY W COMPLICATED PRINCIPAL DIAG W/O CC/MCC,340,Digestive System
343 - APPENDECTOMY W/O COMPLICATED PRINCIPAL DIAG W/O CC/MCC,343,Digestive System
344 - MINOR SMALL & LARGE BOWEL PROCEDURES W MCC,344,Digestive System
345 - MINOR SMALL & LARGE BOWEL PROCEDURES W CC,345,Digestive System
346 - MINOR SMALL & LARGE BOWEL PROCEDURES W/O CC/MCC,346,Digestive System
347 - ANAL & STOMAL PROCEDURES W MCC,347,Digestive System
348 - ANAL & STOMAL PROCEDURES W CC,348,Digestive System
349 - ANAL & STOMAL PROCEDURES W/O CC/MCC,349,Digestive System
351 - INGUINAL & FEMORAL HERNIA PROCEDURES W CC,351,Digestive System
352 - INGUINAL & FEMORAL HERNIA PROCEDURES W/O CC/MCC,352,Digestive System
353 - HERNIA PROCEDURES EXCEPT INGUINAL & FEMORAL W MCC,353,Digestive System
354 - HERNIA PROCEDURES EXCEPT INGUINAL & FEMORAL W CC,354,Digestive System
355 - HERNIA PROCEDURES EXCEPT INGUINAL & FEMORAL W/O CC/MCC,355,Digestive System
356 - OTHER DIGESTIVE SYSTEM O.R. PROCEDURES W MCC,356,Digestive System
357 - OTHER DIGESTIVE SYSTEM O.R. PROCEDURES W CC,357,Digestive System
358 - OTHER DIGESTIVE SYSTEM O.R. PROCEDURES W/O CC/MCC,358,Digestive System
368 - MAJOR ESOPHAGEAL DISORDERS W MCC,368,Digestive System
369 - MAJOR ESOPHAGEAL DISORDERS W CC,369,Digestive System
371 - MAJOR GASTROINTESTINAL DISORDERS & PERITONEAL INFECTIONS W MCC,371,Digestive System
372 - MAJOR GASTROINTESTINAL DISORDERS & PERITONEAL INFECTIONS W CC,372,Digestive System
373 - MAJOR GASTROINTESTINAL DISORDERS & PERITONEAL INFECTIONS W/O CC/MCC,373,Digestive System
374 - DIGESTIVE MALIGNANCY W MCC,374,Digestive System
375 - DIGESTIVE MALIGNANCY W CC,375,Digestive System
376 - DIGESTIVE MALIGNANCY W/O CC/MCC,376,Digestive System
377 - G.I. HEMORRHAGE W MCC,377,Digestive System
378 - G.I. HEMORRHAGE W CC,378,Digestive System
379 - G.I. HEMORRHAGE W/O CC/MCC,379,Digestive System
380 - COMPLICATED PEPTIC ULCER W MCC,380,Digestive System
381 - COMPLICATED PEPTIC ULCER W CC,381,Digestive System
383 - UNCOMPLICATED PEPTIC ULCER W MCC,383,Digestive System
384 - UNCOMPLICATED PEPTIC ULCER W/O MCC,384,Digestive System
385 - INFLAMMATORY BOWEL DISEASE W MCC,385,Digestive System
386 - INFLAMMATORY BOWEL DISEASE W CC,386,Digestive System
387 - INFLAMMATORY BOWEL DISEASE W/O CC/MCC,387,Digestive System
388 - G.I. OBSTRUCTION W MCC,388,Digestive System
389 - G.I. OBSTRUCTION W CC,389,Digestive System
390 - G.I. OBSTRUCTION W/O CC/MCC,390,Digestive System
"391 - ESOPHAGITIS, GASTROENT & MISC DIGEST DISORDERS W MCC",391,Digestive System
"392 - ESOPHAGITIS, GASTROENT & MISC DIGEST DISORDERS W/O MCC",392,Digestive System
393 - OTHER DIGESTIVE SYSTEM DIAGNOSES W MCC,393,Digestive System
394 - OTHER DIGESTIVE SYSTEM DIAGNOSES W CC,394,Digestive System
395 - OTHER DIGESTIVE SYSTEM DIAGNOSES W/O CC/MCC,395,Digestive System
"405 - PANCREAS, LIVER & SHUNT PROCEDURES W MCC",405,Hepato­biliary System & Pancreas
"406 - PANCREAS, LIVER & SHUNT PROCEDURES W CC",406,Hepato­biliary System & Pancreas
"407 - PANCREAS, LIVER & SHUNT PROCEDURES W/O CC/MCC",407,Hepato­biliary System & Pancreas
408 - BILIARY TRACT PROC EXCEPT ONLY CHOLECYST W OR W/O C.D.E. W MCC,408,Hepato­biliary System & Pancreas
409 - BILIARY TRACT PROC EXCEPT ONLY CHOLECYST W OR W/O C.D.E. W CC,409,Hepato­biliary System & Pancreas
410 - BILIARY TRACT PROC EXCEPT ONLY CHOLECYST W OR W/O C.D.E. W/O CC/MCC,410,Hepato­biliary System & Pancreas
414 - CHOLECYSTECTOMY EXCEPT BY LAPAROSCOPE W/O C.D.E. W MCC,414,Hepato­biliary System & Pancreas
415 - CHOLECYSTECTOMY EXCEPT BY LAPAROSCOPE W/O C.D.E. W CC,415,Hepato­biliary System & Pancreas
416 - CHOLECYSTECTOMY EXCEPT BY LAPAROSCOPE W/O C.D.E. W/O CC/MCC,416,Hepato­biliary System & Pancreas
417 - LAPAROSCOPIC CHOLECYSTECTOMY W/O C.D.E. W MCC,417,Hepato­biliary System & Pancreas
418 - LAPAROSCOPIC CHOLECYSTECTOMY W/O C.D.E. W CC,418,Hepato­biliary System & Pancreas
419 - LAPAROSCOPIC CHOLECYSTECTOMY W/O C.D.E. W/O CC/MCC,419,Hepato­biliary System & Pancreas
420 - HEPATOBILIARY DIAGNOSTIC PROCEDURES W MCC,420,Hepato­biliary System & Pancreas
421 - HEPATOBILIARY DIAGNOSTIC PROCEDURES W CC,421,Hepato­biliary System & Pancreas
423 - OTHER HEPATOBILIARY OR PANCREAS O.R. PROCEDURES W MCC,423,Hepato­biliary System & Pancreas
432 - CIRRHOSIS & ALCOHOLIC HEPATITIS W MCC,432,Hepato­biliary System & Pancreas
433 - CIRRHOSIS & ALCOHOLIC HEPATITIS W CC,433,Hepato­biliary System & Pancreas
435 - MALIGNANCY OF HEPATOBILIARY SYSTEM OR PANCREAS W MCC,435,Hepato­biliary System & Pancreas
436 - MALIGNANCY OF HEPATOBILIARY SYSTEM OR PANCREAS W CC,436,Hepato­biliary System & Pancreas
437 - MALIGNANCY OF HEPATOBILIARY SYSTEM OR PANCREAS W/O CC/MCC,437,Hepato­biliary System & Pancreas
438 - DISORDERS OF PANCREAS EXCEPT MALIGNANCY W MCC,438,Hepato­biliary System & Pancreas
439 - DISORDERS OF PANCREAS EXCEPT MALIGNANCY W CC,439,Hepato­biliary System & Pancreas
440 - DISORDERS OF PANCREAS EXCEPT MALIGNANCY W/O CC/MCC,440,Hepato­biliary System & Pancreas
"441 - DISORDERS OF LIVER EXCEPT MALIG,CIRR,ALC HEPA W MCC",441,Hepato­biliary System & Pancreas
"442 - DISORDERS OF LIVER EXCEPT MALIG,CIRR,ALC HEPA W CC",442,Hepato­biliary System & Pancreas
"443 - DISORDERS OF LIVER EXCEPT MALIG,CIRR,ALC HEPA W/O CC/MCC",443,Hepato­biliary System & Pancreas
444 - DISORDERS OF THE BILIARY TRACT W MCC,444,Hepato­biliary System & Pancreas
445 - DISORDERS OF THE BILIARY TRACT W CC,445,Hepato­biliary System & Pancreas
446 - DISORDERS OF THE BILIARY TRACT W/O CC/MCC,446,Hepato­biliary System & Pancreas
453 - COMBINED ANTERIOR/POSTERIOR SPINAL FUSION W MCC,453,Muscul­osk­eletal System & Connective Tissue
454 - COMBINED ANTERIOR/POSTERIOR SPINAL FUSION W CC,454,Muscul­osk­eletal System & Connective Tissue
455 - COMBINED ANTERIOR/POSTERIOR SPINAL FUSION W/O CC/MCC,455,Muscul­osk­eletal System & Connective Tissue
456 - SPINAL FUS EXC CERV W SPINAL CURV/MALIG/INFEC OR 9+ FUS W MCC,456,Muscul­osk­eletal System & Connective Tissue
456 - SPINAL FUS EXC CERV W SPINAL CURV/MALIG/INFEC OR EXT FUS W MCC,456,Muscul­osk­eletal System & Connective Tissue
457 - SPINAL FUS EXC CERV W SPINAL CURV/MALIG/INFEC OR 9+ FUS W CC,457,Muscul­osk­eletal System & Connective Tissue
457 - SPINAL FUS EXC CERV W SPINAL CURV/MALIG/INFEC OR EXT FUS W CC,457,Muscul­osk­eletal System & Connective Tissue
458 - SPINAL FUS EXC CERV W SPINAL CURV/MALIG/INFEC OR 9+ FUS W/O CC/MCC,458,Muscul­osk­eletal System & Connective Tissue
458 - SPINAL FUS EXC CERV W SPINAL CURV/MALIG/INFEC OR EXT FUS W/O CC/MCC,458,Muscul­osk­eletal System & Connective Tissue
459 - SPINAL FUSION EXCEPT CERVICAL W MCC,459,Muscul­osk­eletal System & Connective Tissue
460 - SPINAL FUSION EXCEPT CERVICAL W/O MCC,460,Muscul­osk­eletal System & Connective Tissue
461 - BILATERAL OR MULTIPLE MAJOR JOINT PROCS OF LOWER EXTREMITY W MCC,461,Muscul­osk­eletal System & Connective Tissue
462 - BILATERAL OR MULTIPLE MAJOR JOINT PROCS OF LOWER EXTREMITY W/O MCC,462,Muscul­osk­eletal System & Connective Tissue
"463 - WND DEBRID & SKN GRFT EXC HAND, FOR MUSCULO-CONN TISS DIS W MCC",463,Muscul­osk­eletal System & Connective Tissue
"464 - WND DEBRID & SKN GRFT EXC HAND, FOR MUSCULO-CONN TISS DIS W CC",464,Muscul­osk­eletal System & Connective Tissue
"465 - WND DEBRID & SKN GRFT EXC HAND, FOR MUSCULO-CONN TISS DIS W/O CC/MCC",465,Muscul­osk­eletal System & Connective Tissue
466 - REVISION OF HIP OR KNEE REPLACEMENT W MCC,466,Muscul­osk­eletal System & Connective Tissue
467 - REVISION OF HIP OR KNEE REPLACEMENT W CC,467,Muscul­osk­eletal System & Connective Tissue
468 - REVISION OF HIP OR KNEE REPLACEMENT W/O CC/MCC,468,Muscul­osk­eletal System & Connective Tissue
469 - MAJOR JOINT REPLACEMENT OR REATTACHMENT OF LOWER EXTREMITY W MCC,469,Muscul­osk­eletal System & Connective Tissue
470 - MAJOR JOINT REPLACEMENT OR REATTACHMENT OF LOWER EXTREMITY W/O MCC,470,Muscul­osk­eletal System & Connective Tissue
471 - CERVICAL SPINAL FUSION W MCC,471,Muscul­osk­eletal System & Connective Tissue
472 - CERVICAL SPINAL FUSION W CC,472,Muscul­osk­eletal System & Connective Tissue
473 - CERVICAL SPINAL FUSION W/O CC/MCC,473,Muscul­osk­eletal System & Connective Tissue
474 - AMPUTATION FOR MUSCULOSKELETAL SYS & CONN TISSUE DIS W MCC,474,Muscul­osk­eletal System & Connective Tissue
475 - AMPUTATION FOR MUSCULOSKELETAL SYS & CONN TISSUE DIS W CC,475,Muscul­osk­eletal System & Connective Tissue
477 - BIOPSIES OF MUSCULOSKELETAL SYSTEM & CONNECTIVE TISSUE W MCC,477,Muscul­osk­eletal System & Connective Tissue
478 - BIOPSIES OF MUSCULOSKELETAL SYSTEM & CONNECTIVE TISSUE W CC,478,Muscul­osk­eletal System & Connective Tissue
479 - BIOPSIES OF MUSCULOSKELETAL SYSTEM & CONNECTIVE TISSUE W/O CC/MCC,479,Muscul­osk­eletal System & Connective Tissue
480 - HIP & FEMUR PROCEDURES EXCEPT MAJOR JOINT W MCC,480,Muscul­osk­eletal System & Connective Tissue
481 - HIP & FEMUR PROCEDURES EXCEPT MAJOR JOINT W CC,481,Muscul­osk­eletal System & Connective Tissue
482 - HIP & FEMUR PROCEDURES EXCEPT MAJOR JOINT W/O CC/MCC,482,Muscul­osk­eletal System & Connective Tissue
483 - MAJOR JOINT/LIMB REATTACHMENT PROCEDURE OF UPPER EXTREMITIES,483,Muscul­osk­eletal System & Connective Tissue
484 - MAJOR JOINT & LIMB REATTACHMENT PROC OF UPPER EXTREMITY W/O CC/MCC,484,Muscul­osk­eletal System & Connective Tissue
486 - KNEE PROCEDURES W PDX OF INFECTION W CC,486,Muscul­osk­eletal System & Connective Tissue
488 - KNEE PROCEDURES W/O PDX OF INFECTION W CC/MCC,488,Muscul­osk­eletal System & Connective Tissue
489 - KNEE PROCEDURES W/O PDX OF INFECTION W/O CC/MCC,489,Muscul­osk­eletal System & Connective Tissue
490 - BACK & NECK PROC EXC SPINAL FUSION W CC/MCC OR DISC DEVICE/NEUROSTIM,490,Muscul­osk­eletal System & Connective Tissue
491 - BACK & NECK PROC EXC SPINAL FUSION W/O CC/MCC,491,Muscul­osk­eletal System & Connective Tissue
"492 - LOWER EXTREM & HUMER PROC EXCEPT HIP,FOOT,FEMUR W MCC",492,Muscul­osk­eletal System & Connective Tissue
"493 - LOWER EXTREM & HUMER PROC EXCEPT HIP,FOOT,FEMUR W CC",493,Muscul­osk­eletal System & Connective Tissue
"494 - LOWER EXTREM & HUMER PROC EXCEPT HIP,FOOT,FEMUR W/O CC/MCC",494,Muscul­osk­eletal System & Connective Tissue
495 - LOCAL EXCISION & REMOVAL INT FIX DEVICES EXC HIP & FEMUR W MCC,495,Muscul­osk­eletal System & Connective Tissue
496 - LOCAL EXCISION & REMOVAL INT FIX DEVICES EXC HIP & FEMUR W CC,496,Muscul­osk­eletal System & Connective Tissue
497 - LOCAL EXCISION & REMOVAL INT FIX DEVICES EXC HIP & FEMUR W/O CC/MCC,497,Muscul­osk­eletal System & Connective Tissue
500 - SOFT TISSUE PROCEDURES W MCC,500,Muscul­osk­eletal System & Connective Tissue
501 - SOFT TISSUE PROCEDURES W CC,501,Muscul­osk­eletal System & Connective Tissue
502 - SOFT TISSUE PROCEDURES W/O CC/MCC,502,Muscul­osk­eletal System & Connective Tissue
503 - FOOT PROCEDURES W MCC,503,Muscul­osk­eletal System & Connective Tissue
504 - FOOT PROCEDURES W CC,504,Muscul­osk­eletal System & Connective Tissue
505 - FOOT PROCEDURES W/O CC/MCC,505,Muscul­osk­eletal System & Connective Tissue
"510 - SHOULDER,ELBOW OR FOREARM PROC,EXC MAJOR JOINT PROC W MCC",510,Muscul­osk­eletal System & Connective Tissue
"511 - SHOULDER,ELBOW OR FOREARM PROC,EXC MAJOR JOINT PROC W CC",511,Muscul­osk­eletal System & Connective Tissue
"512 - SHOULDER,ELBOW OR FOREARM PROC,EXC MAJOR JOINT PROC W/O CC/MCC",512,Muscul­osk­eletal System & Connective Tissue
"513 - HAND OR WRIST PROC, EXCEPT MAJOR THUMB OR JOINT PROC W CC/MCC",513,Muscul­osk­eletal System & Connective Tissue
"514 - HAND OR WRIST PROC, EXCEPT MAJOR THUMB OR JOINT PROC W/O CC/MCC",514,Muscul­osk­eletal System & Connective Tissue
515 - OTHER MUSCULOSKELET SYS & CONN TISS O.R. PROC W MCC,515,Muscul­osk­eletal System & Connective Tissue
516 - OTHER MUSCULOSKELET SYS & CONN TISS O.R. PROC W CC,516,Muscul­osk­eletal System & Connective Tissue
517 - OTHER MUSCULOSKELET SYS & CONN TISS O.R. PROC W/O CC/MCC,517,Muscul­osk­eletal System & Connective Tissue
518 - BACK & NECK PROC EXC SPINAL FUSION W MCC OR DISC DEVICE/NEUROSTIM,518,Muscul­osk­eletal System & Connective Tissue
519 - BACK & NECK PROC EXC SPINAL FUSION W CC,519,Muscul­osk­eletal System & Connective Tissue
520 - BACK & NECK PROC EXC SPINAL FUSION W/O CC/MCC,520,Muscul­osk­eletal System & Connective Tissue
534 - FRACTURES OF FEMUR W/O MCC,534,Muscul­osk­eletal System & Connective Tissue
535 - FRACTURES OF HIP & PELVIS W MCC,535,Muscul­osk­eletal System & Connective Tissue
536 - FRACTURES OF HIP & PELVIS W/O MCC,536,Muscul­osk­eletal System & Connective Tissue
539 - OSTEOMYELITIS W MCC,539,Muscul­osk­eletal System & Connective Tissue
540 - OSTEOMYELITIS W CC,540,Muscul­osk­eletal System & Connective Tissue
542 - PATHOLOGICAL FRACTURES & MUSCULOSKELET & CONN TISS MALIG W MCC,542,Muscul­osk­eletal System & Connective Tissue
543 - PATHOLOGICAL FRACTURES & MUSCULOSKELET & CONN TISS MALIG W CC,543,Muscul­osk­eletal System & Connective Tissue
544 - PATHOLOGICAL FRACTURES & MUSCULOSKELET & CONN TISS MALIG W/O CC/MCC,544,Muscul­osk­eletal System & Connective Tissue
545 - CONNECTIVE TISSUE DISORDERS W MCC,545,Muscul­osk­eletal System & Connective Tissue
546 - CONNECTIVE TISSUE DISORDERS W CC,546,Muscul­osk­eletal System & Connective Tissue
547 - CONNECTIVE TISSUE DISORDERS W/O CC/MCC,547,Muscul­osk­eletal System & Connective Tissue
551 - MEDICAL BACK PROBLEMS W MCC,551,Muscul­osk­eletal System & Connective Tissue
552 - MEDICAL BACK PROBLEMS W/O MCC,552,Muscul­osk­eletal System & Connective Tissue
553 - BONE DISEASES & ARTHROPATHIES W MCC,553,Muscul­osk­eletal System & Connective Tissue
554 - BONE DISEASES & ARTHROPATHIES W/O MCC,554,Muscul­osk­eletal System & Connective Tissue
555 - SIGNS & SYMPTOMS OF MUSCULOSKELETAL SYSTEM & CONN TISSUE W MCC,555,Muscul­osk­eletal System & Connective Tissue
556 - SIGNS & SYMPTOMS OF MUSCULOSKELETAL SYSTEM & CONN TISSUE W/O MCC,556,Muscul­osk­eletal System & Connective Tissue
"557 - TENDONITIS, MYOSITIS & BURSITIS W MCC",557,Muscul­osk­eletal System & Connective Tissue
"558 - TENDONITIS, MYOSITIS & BURSITIS W/O MCC",558,Muscul­osk­eletal System & Connective Tissue
"559 - AFTERCARE, MUSCULOSKELETAL SYSTEM & CONNECTIVE TISSUE W MCC",559,Muscul­osk­eletal System & Connective Tissue
"560 - AFTERCARE, MUSCULOSKELETAL SYSTEM & CONNECTIVE TISSUE W CC",560,Muscul­osk­eletal System & Connective Tissue
"561 - AFTERCARE, MUSCULOSKELETAL SYSTEM & CONNECTIVE TISSUE W/O CC/MCC",561,Muscul­osk­eletal System & Connective Tissue
"562 - FX, SPRN, STRN & DISL EXCEPT FEMUR, HIP, PELVIS & THIGH W MCC",562,Muscul­osk­eletal System & Connective Tissue
"563 - FX, SPRN, STRN & DISL EXCEPT FEMUR, HIP, PELVIS & THIGH W/O MCC",563,Muscul­osk­eletal System & Connective Tissue
564 - OTHER MUSCULOSKELETAL SYS & CONNECTIVE TISSUE DIAGNOSES W MCC,564,Muscul­osk­eletal System & Connective Tissue
565 - OTHER MUSCULOSKELETAL SYS & CONNECTIVE TISSUE DIAGNOSES W CC,565,Muscul­osk­eletal System & Connective Tissue
570 - SKIN DEBRIDEMENT W MCC,570,"Skin, Subcut­aneous Tissue & Breast"
571 - SKIN DEBRIDEMENT W CC,571,"Skin, Subcut­aneous Tissue & Breast"
572 - SKIN DEBRIDEMENT W/O CC/MCC,572,"Skin, Subcut­aneous Tissue & Breast"
573 - SKIN GRAFT FOR SKIN ULCER OR CELLULITIS W MCC,573,"Skin, Subcut­aneous Tissue & Breast"
574 - SKIN GRAFT FOR SKIN ULCER OR CELLULITIS W CC,574,"Skin, Subcut­aneous Tissue & Breast"
577 - SKIN GRAFT EXC FOR SKIN ULCER OR CELLULITIS W CC,577,"Skin, Subcut­aneous Tissue & Breast"
578 - SKIN GRAFT EXC FOR SKIN ULCER OR CELLULITIS W/O CC/MCC,578,"Skin, Subcut­aneous Tissue & Breast"
"579 - OTHER SKIN, SUBCUT TISS & BREAST PROC W MCC",579,"Skin, Subcut­aneous Tissue & Breast"
"580 - OTHER SKIN, SUBCUT TISS & BREAST PROC W CC",580,"Skin, Subcut­aneous Tissue & Breast"
"581 - OTHER SKIN, SUBCUT TISS & BREAST PROC W/O CC/MCC",581,"Skin, Subcut­aneous Tissue & Breast"
582 - MASTECTOMY FOR MALIGNANCY W CC/MCC,582,"Skin, Subcut­aneous Tissue & Breast"
583 - MASTECTOMY FOR MALIGNANCY W/O CC/MCC,583,"Skin, Subcut­aneous Tissue & Breast"
"585 - BREAST BIOPSY, LOCAL EXCISION & OTHER BREAST PROCEDURES W/O CC/MCC",585,"Skin, Subcut­aneous Tissue & Breast"
592 - SKIN ULCERS W MCC,592,"Skin, Subcut­aneous Tissue & Breast"
593 - SKIN ULCERS W CC,593,"Skin, Subcut­aneous Tissue & Breast"
595 - MAJOR SKIN DISORDERS W MCC,595,"Skin, Subcut­aneous Tissue & Breast"
596 - MAJOR SKIN DISORDERS W/O MCC,596,"Skin, Subcut­aneous Tissue & Breast"
597 - MALIGNANT BREAST DISORDERS W MCC,597,"Skin, Subcut­aneous Tissue & Breast"
598 - MALIGNANT BREAST DISORDERS W CC,598,"Skin, Subcut­aneous Tissue & Breast"
600 - NON-MALIGNANT BREAST DISORDERS W CC/MCC,600,"Skin, Subcut­aneous Tissue & Breast"
602 - CELLULITIS W MCC,602,"Skin, Subcut­aneous Tissue & Breast"
603 - CELLULITIS W/O MCC,603,"Skin, Subcut­aneous Tissue & Breast"
"604 - TRAUMA TO THE SKIN, SUBCUT TISS & BREAST W MCC",604,"Skin, Subcut­aneous Tissue & Breast"
"605 - TRAUMA TO THE SKIN, SUBCUT TISS & BREAST W/O MCC",605,"Skin, Subcut­aneous Tissue & Breast"
606 - MINOR SKIN DISORDERS W MCC,606,"Skin, Subcut­aneous Tissue & Breast"
607 - MINOR SKIN DISORDERS W/O MCC,607,"Skin, Subcut­aneous Tissue & Breast"
614 - ADRENAL & PITUITARY PROCEDURES W CC/MCC,614,"Endocrine, Nutrit­ional & Metabolic System"
615 - ADRENAL & PITUITARY PROCEDURES W/O CC/MCC,615,"Endocrine, Nutrit­ional & Metabolic System"
"616 - AMPUTAT OF LOWER LIMB FOR ENDOCRINE,NUTRIT,& METABOL DIS W MCC",616,"Endocrine, Nutrit­ional & Metabolic System"
"617 - AMPUTAT OF LOWER LIMB FOR ENDOCRINE,NUTRIT,& METABOL DIS W CC",617,"Endocrine, Nutrit­ional & Metabolic System"
619 - O.R. PROCEDURES FOR OBESITY W MCC,619,"Endocrine, Nutrit­ional & Metabolic System"
620 - O.R. PROCEDURES FOR OBESITY W CC,620,"Endocrine, Nutrit­ional & Metabolic System"
621 - O.R. PROCEDURES FOR OBESITY W/O CC/MCC,621,"Endocrine, Nutrit­ional & Metabolic System"
"623 - SKIN GRAFTS & WOUND DEBRID FOR ENDOC, NUTRIT & METAB DIS W CC",623,"Endocrine, Nutrit­ional & Metabolic System"
"624 - SKIN GRAFTS & WOUND DEBRID FOR ENDOC, NUTRIT & METAB DIS W/O CC/MCC",624,"Endocrine, Nutrit­ional & Metabolic System"
"625 - THYROID, PARATHYROID & THYROGLOSSAL PROCEDURES W MCC",625,"Endocrine, Nutrit­ional & Metabolic System"
"626 - THYROID, PARATHYROID & THYROGLOSSAL PROCEDURES W CC",626,"Endocrine, Nutrit­ional & Metabolic System"
"627 - THYROID, PARATHYROID & THYROGLOSSAL PROCEDURES W/O CC/MCC",627,"Endocrine, Nutrit­ional & Metabolic System"
"628 - OTHER ENDOCRINE, NUTRIT & METAB O.R. PROC W MCC",628,"Endocrine, Nutrit­ional & Metabolic System"
"629 - OTHER ENDOCRINE, NUTRIT & METAB O.R. PROC W CC",629,"Endocrine, Nutrit­ional & Metabolic System"
"630 - OTHER ENDOCRINE, NUTRIT & METAB O.R. PROC W/O CC/MCC",630,"Endocrine, Nutrit­ional & Metabolic System"
637 - DIABETES W MCC,637,"Endocrine, Nutrit­ional & Metabolic System"
638 - DIABETES W CC,638,"Endocrine, Nutrit­ional & Metabolic System"
639 - DIABETES W/O CC/MCC,639,"Endocrine, Nutrit­ional & Metabolic System"
"640 - MISC DISORDERS OF NUTRITION,METABOLISM,FLUIDS/ELECTROLYTES W MCC",640,"Endocrine, Nutrit­ional & Metabolic System"
"641 - MISC DISORDERS OF NUTRITION,METABOLISM,FLUIDS/ELECTROLYTES W/O MCC",641,"Endocrine, Nutrit­ional & Metabolic System"
642 - INBORN AND OTHER DISORDERS OF METABOLISM,642,"Endocrine, Nutrit­ional & Metabolic System"
643 - ENDOCRINE DISORDERS W MCC,643,"Endocrine, Nutrit­ional & Metabolic System"
644 - ENDOCRINE DISORDERS W CC,644,"Endocrine, Nutrit­ional & Metabolic System"
645 - ENDOCRINE DISORDERS W/O CC/MCC,645,"Endocrine, Nutrit­ional & Metabolic System"
652 - KIDNEY TRANSPLANT,652,Kidney & Urinary Tract
653 - MAJOR BLADDER PROCEDURES W MCC,653,Kidney & Urinary Tract
654 - MAJOR BLADDER PROCEDURES W CC,654,Kidney & Urinary Tract
655 - MAJOR BLADDER PROCEDURES W/O CC/MCC,655,Kidney & Urinary Tract
656 - KIDNEY & URETER PROCEDURES FOR NEOPLASM W MCC,656,Kidney & Urinary Tract
657 - KIDNEY & URETER PROCEDURES FOR NEOPLASM W CC,657,Kidney & Urinary Tract
658 - KIDNEY & URETER PROCEDURES FOR NEOPLASM W/O CC/MCC,658,Kidney & Urinary Tract
659 - KIDNEY & URETER PROCEDURES FOR NON-NEOPLASM W MCC,659,Kidney & Urinary Tract
660 - KIDNEY & URETER PROCEDURES FOR NON-NEOPLASM W CC,660,Kidney & Urinary Tract
661 - KIDNEY & URETER PROCEDURES FOR NON-NEOPLASM W/O CC/MCC,661,Kidney & Urinary Tract
664 - MINOR BLADDER PROCEDURES W/O CC/MCC,664,Kidney & Urinary Tract
666 - PROSTATECTOMY W CC,666,Kidney & Urinary Tract
667 - PROSTATECTOMY W/O CC/MCC,667,Kidney & Urinary Tract
668 - TRANSURETHRAL PROCEDURES W MCC,668,Kidney & Urinary Tract
669 - TRANSURETHRAL PROCEDURES W CC,669,Kidney & Urinary Tract
670 - TRANSURETHRAL PROCEDURES W/O CC/MCC,670,Kidney & Urinary Tract
672 - URETHRAL PROCEDURES W/O CC/MCC,672,Kidney & Urinary Tract
673 - OTHER KIDNEY & URINARY TRACT PROCEDURES W MCC,673,Kidney & Urinary Tract
674 - OTHER KIDNEY & URINARY TRACT PROCEDURES W CC,674,Kidney & Urinary Tract
675 - OTHER KIDNEY & URINARY TRACT PROCEDURES W/O CC/MCC,675,Kidney & Urinary Tract
682 - RENAL FAILURE W MCC,682,Kidney & Urinary Tract
683 - RENAL FAILURE W CC,683,Kidney & Urinary Tract
684 - RENAL FAILURE W/O CC/MCC,684,Kidney & Urinary Tract
685 - ADMIT FOR RENAL DIALYSIS,685,Kidney & Urinary Tract
687 - KIDNEY & URINARY TRACT NEOPLASMS W CC,687,Kidney & Urinary Tract
689 - KIDNEY & URINARY TRACT INFECTIONS W MCC,689,Kidney & Urinary Tract
690 - KIDNEY & URINARY TRACT INFECTIONS W/O MCC,690,Kidney & Urinary Tract
691 - URINARY STONES W ESW LITHOTRIPSY W CC/MCC,691,Kidney & Urinary Tract
693 - URINARY STONES W/O ESW LITHOTRIPSY W MCC,693,Kidney & Urinary Tract
694 - URINARY STONES W/O ESW LITHOTRIPSY W/O MCC,694,Kidney & Urinary Tract
696 - KIDNEY & URINARY TRACT SIGNS & SYMPTOMS W/O MCC,696,Kidney & Urinary Tract
698 - OTHER KIDNEY & URINARY TRACT DIAGNOSES W MCC,698,Kidney & Urinary Tract
699 - OTHER KIDNEY & URINARY TRACT DIAGNOSES W CC,699,Kidney & Urinary Tract
700 - OTHER KIDNEY & URINARY TRACT DIAGNOSES W/O CC/MCC,700,Kidney & Urinary Tract
707 - MAJOR MALE PELVIC PROCEDURES W CC/MCC,707,Reproductive System
708 - MAJOR MALE PELVIC PROCEDURES W/O CC/MCC,708,Reproductive System
713 - TRANSURETHRAL PROSTATECTOMY W CC/MCC,713,Reproductive System
714 - TRANSURETHRAL PROSTATECTOMY W/O CC/MCC,714,Reproductive System
716 - OTHER MALE REPRODUCTIVE SYSTEM O.R. PROC FOR MALIGNANCY W/O CC/MCC,716,Reproductive System
717 - OTHER MALE REPRODUCTIVE SYSTEM O.R. PROC EXC MALIGNANCY W CC/MCC,717,Reproductive System
726 - BENIGN PROSTATIC HYPERTROPHY W/O MCC,726,Reproductive System
727 - INFLAMMATION OF THE MALE REPRODUCTIVE SYSTEM W MCC,727,Reproductive System
728 - INFLAMMATION OF THE MALE REPRODUCTIVE SYSTEM W/O MCC,728,Reproductive System
"734 - PELVIC EVISCERATION, RAD HYSTERECTOMY & RAD VULVECTOMY W CC/MCC",734,Reproductive System
"735 - PELVIC EVISCERATION, RAD HYSTERECTOMY & RAD VULVECTOMY W/O CC/MCC",735,Reproductive System
736 - UTERINE & ADNEXA PROC FOR OVARIAN OR ADNEXAL MALIGNANCY W MCC,736,Reproductive System
737 - UTERINE & ADNEXA PROC FOR OVARIAN OR ADNEXAL MALIGNANCY W CC,737,Reproductive System
738 - UTERINE & ADNEXA PROC FOR OVARIAN OR ADNEXAL MALIGNANCY W/O CC/MCC,738,Reproductive System
"740 - UTERINE,ADNEXA PROC FOR NON-OVARIAN/ADNEXAL MALIG W CC",740,Reproductive System
"741 - UTERINE,ADNEXA PROC FOR NON-OVARIAN/ADNEXAL MALIG W/O CC/MCC",741,Reproductive System
742 - UTERINE & ADNEXA PROC FOR NON-MALIGNANCY W CC/MCC,742,Reproductive System
743 - UTERINE & ADNEXA PROC FOR NON-MALIGNANCY W/O CC/MCC,743,Reproductive System
"744 - D&C, CONIZATION, LAPAROSCOPY & TUBAL INTERRUPTION W CC/MCC",744,Reproductive System
"746 - VAGINA, CERVIX & VULVA PROCEDURES W CC/MCC",746,Reproductive System
"747 - VAGINA, CERVIX & VULVA PROCEDURES W/O CC/MCC",747,Reproductive System
748 - FEMALE REPRODUCTIVE SYSTEM RECONSTRUCTIVE PROCEDURES,748,Reproductive System
749 - OTHER FEMALE REPRODUCTIVE SYSTEM O.R. PROCEDURES W CC/MCC,749,Reproductive System
"755 - MALIGNANCY, FEMALE REPRODUCTIVE SYSTEM W CC",755,Reproductive System
"757 - INFECTIONS, FEMALE REPRODUCTIVE SYSTEM W MCC",757,Reproductive System
"758 - INFECTIONS, FEMALE REPRODUCTIVE SYSTEM W CC",758,Reproductive System
760 - MENSTRUAL & OTHER FEMALE REPRODUCTIVE SYSTEM DISORDERS W CC/MCC,760,Reproductive System
765 - CESAREAN SECTION W CC/MCC,765,Pregnancy; Childbirth
766 - CESAREAN SECTION W/O CC/MCC,766,Pregnancy; Childbirth
774 - VAGINAL DELIVERY W COMPLICATING DIAGNOSES,774,Pregnancy; Childbirth
775 - VAGINAL DELIVERY W/O COMPLICATING DIAGNOSES,775,Pregnancy; Childbirth
781 - OTHER ANTEPARTUM DIAGNOSES W MEDICAL COMPLICATIONS,781,Pregnancy; Childbirth
808 - MAJOR HEMATOL/IMMUN DIAG EXC SICKLE CELL CRISIS & COAGUL W MCC,808,Blood
809 - MAJOR HEMATOL/IMMUN DIAG EXC SICKLE CELL CRISIS & COAGUL W CC,809,Blood
810 - MAJOR HEMATOL/IMMUN DIAG EXC SICKLE CELL CRISIS & COAGUL W/O CC/MCC,810,Blood
811 - RED BLOOD CELL DISORDERS W MCC,811,Blood
812 - RED BLOOD CELL DISORDERS W/O MCC,812,Blood
813 - COAGULATION DISORDERS,813,Blood
814 - RETICULOENDOTHELIAL & IMMUNITY DISORDERS W MCC,814,Blood
815 - RETICULOENDOTHELIAL & IMMUNITY DISORDERS W CC,815,Blood
820 - LYMPHOMA & LEUKEMIA W MAJOR O.R. PROCEDURE W MCC,820,Myelop­rol­ife­rative Diseases & Disorders
821 - LYMPHOMA & LEUKEMIA W MAJOR O.R. PROCEDURE W CC,821,Myelop­rol­ife­rative Diseases & Disorders
822 - LYMPHOMA & LEUKEMIA W MAJOR O.R. PROCEDURE W/O CC/MCC,822,Myelop­rol­ife­rative Diseases & Disorders
823 - LYMPHOMA & NON-ACUTE LEUKEMIA W OTHER O.R. PROC W MCC,823,Myelop­rol­ife­rative Diseases & Disorders
824 - LYMPHOMA & NON-ACUTE LEUKEMIA W OTHER O.R. PROC W CC,824,Myelop­rol­ife­rative Diseases & Disorders
825 - LYMPHOMA & NON-ACUTE LEUKEMIA W OTHER O.R. PROC W/O CC/MCC,825,Myelop­rol­ife­rative Diseases & Disorders
826 - MYELOPROLIF DISORD OR POORLY DIFF NEOPL W MAJ O.R. PROC W MCC,826,Myelop­rol­ife­rative Diseases & Disorders
827 - MYELOPROLIF DISORD OR POORLY DIFF NEOPL W MAJ O.R. PROC W CC,827,Myelop­rol­ife­rative Diseases & Disorders
828 - MYELOPROLIF DISORD OR POORLY DIFF NEOPL W MAJ O.R. PROC W/O CC/MCC,828,Myelop­rol­ife­rative Diseases & Disorders
829 - MYELOPROLIF DISORD OR POORLY DIFF NEOPL W OTHER O.R. PROC W CC/MCC,829,Myelop­rol­ife­rative Diseases & Disorders
834 - ACUTE LEUKEMIA W/O MAJOR O.R. PROCEDURE W MCC,834,Myelop­rol­ife­rative Diseases & Disorders
835 - ACUTE LEUKEMIA W/O MAJOR O.R. PROCEDURE W CC,835,Myelop­rol­ife­rative Diseases & Disorders
836 - ACUTE LEUKEMIA W/O MAJOR O.R. PROCEDURE W/O CC/MCC,836,Myelop­rol­ife­rative Diseases & Disorders
837 - CHEMO W ACUTE LEUKEMIA AS SDX OR W HIGH DOSE CHEMO AGENT W MCC,837,Myelop­rol­ife­rative Diseases & Disorders
838 - CHEMO W ACUTE LEUKEMIA AS SDX W CC OR HIGH DOSE CHEMO AGENT,838,Myelop­rol­ife­rative Diseases & Disorders
839 - CHEMO W ACUTE LEUKEMIA AS SDX W/O CC/MCC,839,Myelop­rol­ife­rative Diseases & Disorders
840 - LYMPHOMA & NON-ACUTE LEUKEMIA W MCC,840,Myelop­rol­ife­rative Diseases & Disorders
841 - LYMPHOMA & NON-ACUTE LEUKEMIA W CC,841,Myelop­rol­ife­rative Diseases & Disorders
842 - LYMPHOMA & NON-ACUTE LEUKEMIA W/O CC/MCC,842,Myelop­rol­ife­rative Diseases & Disorders
843 - OTHER MYELOPROLIF DIS OR POORLY DIFF NEOPL DIAG W MCC,843,Myelop­rol­ife­rative Diseases & Disorders
844 - OTHER MYELOPROLIF DIS OR POORLY DIFF NEOPL DIAG W CC,844,Myelop­rol­ife­rative Diseases & Disorders
846 - CHEMOTHERAPY W/O ACUTE LEUKEMIA AS SECONDARY DIAGNOSIS W MCC,846,Myelop­rol­ife­rative Diseases & Disorders
847 - CHEMOTHERAPY W/O ACUTE LEUKEMIA AS SECONDARY DIAGNOSIS W CC,847,Myelop­rol­ife­rative Diseases & Disorders
848 - CHEMOTHERAPY W/O ACUTE LEUKEMIA AS SECONDARY DIAGNOSIS W/O CC/MCC,848,Myelop­rol­ife­rative Diseases & Disorders
849 - RADIOTHERAPY,849,Myelop­rol­ife­rative Diseases & Disorders
853 - INFECTIOUS & PARASITIC DISEASES W O.R. PROCEDURE W MCC,853,Infectious & Parasitic Disease & Disorders
854 - INFECTIOUS & PARASITIC DISEASES W O.R. PROCEDURE W CC,854,Infectious & Parasitic Disease & Disorders
856 - POSTOPERATIVE OR POST-TRAUMATIC INFECTIONS W O.R. PROC W MCC,856,Infectious & Parasitic Disease & Disorders
857 - POSTOPERATIVE OR POST-TRAUMATIC INFECTIONS W O.R. PROC W CC,857,Infectious & Parasitic Disease & Disorders
858 - POSTOPERATIVE OR POST-TRAUMATIC INFECTIONS W O.R. PROC W/O CC/MCC,858,Infectious & Parasitic Disease & Disorders
862 - POSTOPERATIVE & POST-TRAUMATIC INFECTIONS W MCC,862,Infectious & Parasitic Disease & Disorders
863 - POSTOPERATIVE & POST-TRAUMATIC INFECTIONS W/O MCC,863,Infectious & Parasitic Disease & Disorders
864 - FEVER,864,Infectious & Parasitic Disease & Disorders
865 - VIRAL ILLNESS W MCC,865,Infectious & Parasitic Disease & Disorders
866 - VIRAL ILLNESS W/O MCC,866,Infectious & Parasitic Disease & Disorders
867 - OTHER INFECTIOUS & PARASITIC DISEASES DIAGNOSES W MCC,867,Infectious & Parasitic Disease & Disorders
868 - OTHER INFECTIOUS & PARASITIC DISEASES DIAGNOSES W CC,868,Infectious & Parasitic Disease & Disorders
870 - SEPTICEMIA OR SEVERE SEPSIS W MV >96 HOURS,870,Infectious & Parasitic Disease & Disorders
870 - SEPTICEMIA OR SEVERE SEPSIS W MV 96+ HOURS,870,Infectious & Parasitic Disease & Disorders
871 - SEPTICEMIA OR SEVERE SEPSIS W/O MV >96 HOURS W MCC,871,Infectious & Parasitic Disease & Disorders
871 - SEPTICEMIA OR SEVERE SEPSIS W/O MV 96+ HOURS W MCC,871,Infectious & Parasitic Disease & Disorders
872 - SEPTICEMIA OR SEVERE SEPSIS W/O MV >96 HOURS W/O MCC,872,Infectious & Parasitic Disease & Disorders
872 - SEPTICEMIA OR SEVERE SEPSIS W/O MV 96+ HOURS W/O MCC,872,Infectious & Parasitic Disease & Disorders
876 - O.R. PROCEDURE W PRINCIPAL DIAGNOSES OF MENTAL ILLNESS,876,Mental Diseases & Disorders
880 - ACUTE ADJUSTMENT REACTION & PSYCHOSOCIAL DYSFUNCTION,880,Mental Diseases & Disorders
881 - DEPRESSIVE NEUROSES,881,Mental Diseases & Disorders
882 - NEUROSES EXCEPT DEPRESSIVE,882,Mental Diseases & Disorders
883 - DISORDERS OF PERSONALITY & IMPULSE CONTROL,883,Mental Diseases & Disorders
884 - ORGANIC DISTURBANCES & INTELLECTUAL DISABILITY,884,Mental Diseases & Disorders
884 - ORGANIC DISTURBANCES & MENTAL RETARDATION,884,Mental Diseases & Disorders
885 - PSYCHOSES,885,Mental Diseases & Disorders
886 - BEHAVIORAL & DEVELOPMENTAL DISORDERS,886,Mental Diseases & Disorders
887 - OTHER MENTAL DISORDER DIAGNOSES,887,Mental Diseases & Disorders
"894 - ALCOHOL/DRUG ABUSE OR DEPENDENCE, LEFT AMA",894,Alcoho­l/Drug Use or Induced Mental Disorders
895 - ALCOHOL/DRUG ABUSE OR DEPENDENCE W REHABILITATION THERAPY,895,Alcoho­l/Drug Use or Induced Mental Disorders
896 - ALCOHOL/DRUG ABUSE OR DEPENDENCE W/O REHABILITATION THERAPY W MCC,896,Alcoho­l/Drug Use or Induced Mental Disorders
897 - ALCOHOL/DRUG ABUSE OR DEPENDENCE W/O REHABILITATION THERAPY W/O MCC,897,Alcoho­l/Drug Use or Induced Mental Disorders
902 - WOUND DEBRIDEMENTS FOR INJURIES W CC,902,"Injuries, Poison & Toxic Effects of Drugs"
904 - SKIN GRAFTS FOR INJURIES W CC/MCC,904,"Injuries, Poison & Toxic Effects of Drugs"
906 - HAND PROCEDURES FOR INJURIES,906,"Injuries, Poison & Toxic Effects of Drugs"
907 - OTHER O.R. PROCEDURES FOR INJURIES W MCC,907,"Injuries, Poison & Toxic Effects of Drugs"
908 - OTHER O.R. PROCEDURES FOR INJURIES W CC,908,"Injuries, Poison & Toxic Effects of Drugs"
909 - OTHER O.R. PROCEDURES FOR INJURIES W/O CC/MCC,909,"Injuries, Poison & Toxic Effects of Drugs"
914 - TRAUMATIC INJURY W/O MCC,914,"Injuries, Poison & Toxic Effects of Drugs"
915 - ALLERGIC REACTIONS W MCC,915,"Injuries, Poison & Toxic Effects of Drugs"
916 - ALLERGIC REACTIONS W/O MCC,916,"Injuries, Poison & Toxic Effects of Drugs"
917 - POISONING & TOXIC EFFECTS OF DRUGS W MCC,917,"Injuries, Poison & Toxic Effects of Drugs"
918 - POISONING & TOXIC EFFECTS OF DRUGS W/O MCC,918,"Injuries, Poison & Toxic Effects of Drugs"
919 - COMPLICATIONS OF TREATMENT W MCC,919,"Injuries, Poison & Toxic Effects of Drugs"
920 - COMPLICATIONS OF TREATMENT W CC,920,"Injuries, Poison & Toxic Effects of Drugs"
921 - COMPLICATIONS OF TREATMENT W/O CC/MCC,921,"Injuries, Poison & Toxic Effects of Drugs"
"923 - OTHER INJURY, POISONING & TOXIC EFFECT DIAG W/O MCC",923,"Injuries, Poison & Toxic Effects of Drugs"
927 - EXTENSIVE BURNS OR FULL THICKNESS BURNS W MV >96 HRS W SKIN GRAFT,927,Burns
927 - EXTENSIVE BURNS OR FULL THICKNESS BURNS W MV 96+ HRS W SKIN GRAFT,927,Burns
928 - FULL THICKNESS BURN W SKIN GRAFT OR INHAL INJ W CC/MCC,928,Burns
929 - FULL THICKNESS BURN W SKIN GRAFT OR INHAL INJ W/O CC/MCC,929,Burns
934 - FULL THICKNESS BURN W/O SKIN GRFT OR INHAL INJ,934,Burns
935 - NON-EXTENSIVE BURNS,935,Burns
939 - O.R. PROC W DIAGNOSES OF OTHER CONTACT W HEALTH SERVICES W MCC,939,Factors influe­ncing Health Status
940 - O.R. PROC W DIAGNOSES OF OTHER CONTACT W HEALTH SERVICES W CC,940,Factors influe­ncing Health Status
941 - O.R. PROC W DIAGNOSES OF OTHER CONTACT W HEALTH SERVICES W/O CC/MCC,941,Factors influe­ncing Health Status
945 - REHABILITATION W CC/MCC,945,Factors influe­ncing Health Status
946 - REHABILITATION W/O CC/MCC,946,Factors influe­ncing Health Status
947 - SIGNS & SYMPTOMS W MCC,947,Factors influe­ncing Health Status
948 - SIGNS & SYMPTOMS W/O MCC,948,Factors influe­ncing Health Status
949 - AFTERCARE W CC/MCC,949,Factors influe­ncing Health Status
950 - AFTERCARE W/O CC/MCC,950,Factors influe­ncing Health Status
951 - OTHER FACTORS INFLUENCING HEALTH STATUS,951,Factors influe­ncing Health Status
"956 - LIMB REATTACHMENT, HIP & FEMUR PROC FOR MULTIPLE SIGNIFICANT TRAUMA",956,Multiple Signif­icant Trauma
957 - OTHER O.R. PROCEDURES FOR MULTIPLE SIGNIFICANT TRAUMA W MCC,957,Multiple Signif­icant Trauma
958 - OTHER O.R. PROCEDURES FOR MULTIPLE SIGNIFICANT TRAUMA W CC,958,Multiple Signif­icant Trauma
963 - OTHER MULTIPLE SIGNIFICANT TRAUMA W MCC,963,Multiple Signif­icant Trauma
964 - OTHER MULTIPLE SIGNIFICANT TRAUMA W CC,964,Multiple Signif­icant Trauma
969 - HIV W EXTENSIVE O.R. PROCEDURE W MCC,969,Human Immuno­def­iciency Virus Infections
974 - HIV W MAJOR RELATED CONDITION W MCC,974,Human Immuno­def­iciency Virus Infections
975 - HIV W MAJOR RELATED CONDITION W CC,975,Human Immuno­def­iciency Virus Infections
976 - HIV W MAJOR RELATED CONDITION W/O CC/MCC,976,Human Immuno­def­iciency Virus Infections
977 - HIV W OR W/O OTHER RELATED CONDITION,977,Human Immuno­def­iciency Virus Infections
981 - EXTENSIVE O.R. PROCEDURE UNRELATED TO PRINCIPAL DIAGNOSIS W MCC,981,Other
982 - EXTENSIVE O.R. PROCEDURE UNRELATED TO PRINCIPAL DIAGNOSIS W CC,982,Other
983 - EXTENSIVE O.R. PROCEDURE UNRELATED TO PRINCIPAL DIAGNOSIS W/O CC/MCC,983,Other
987 - NON-EXTENSIVE O.R. PROC UNRELATED TO PRINCIPAL DIAGNOSIS W MCC,987,Other
988 - NON-EXTENSIVE O.R. PROC UNRELATED TO PRINCIPAL DIAGNOSIS W CC,988,Other
989 - NON-EXTENSIVE O.R. PROC UNRELATED TO PRINCIPAL DIAGNOSIS W/O CC/MCC ,989,Other